index,label
0,DO NOT USE as training data (is just test email)
1,DO NOT USE as training data (is just test email)
2,DO NOT USE as training data (is just test email)
3,DO NOT USE as training data (is just test email)
4,DO NOT USE as training data (is just test email)
5,DO NOT USE as training data (is just test email)
6,DO NOT USE as training data (is just test email)
7,DO NOT USE as training data (is just test email)
8,DO NOT USE as training data (is just test email)
9,DO NOT USE as training data (is just test email)
10,Website Hosting
11,Technical
12,Technical
13,Technical
14,Website Hosting
15,Account
16,Account
17,Website Hosting
18,Misc
19,Misc
20,Account
21,Misc
22,Misc
23,Misc
24,Misc
25,Misc
26,Misc
27,Misc
28,Misc
29,Misc
30,Misc
31,Misc
32,Misc
33,Misc
34,Misc
35,Misc
36,Misc
37,Misc
38,Misc
39,Misc
40,Misc
41,Misc
42,Misc
43,Misc
44,Website Hosting
45,Misc
46,Misc
47,Misc
48,Misc
49,Misc
50,Misc
51,misc
52,misc
53,misc
54,misc
55,misc
56,misc
57,misc
58,misc
59,misc
60,misc
61,misc
62,misc
63,misc
64,misc
65,misc
66,events
67,misc
68,misc
69,misc
70,misc
71,misc
72,misc
73,misc
74,misc
75,misc
76,misc
77,misc
78,misc
79,misc
80,misc
81,misc
82,misc
83,misc
84,misc
85,misc
86,misc
87,misc
88,misc
89,misc
90,misc
91,misc
92,misc
93,misc
94,misc
95,misc
96,misc
97,misc
98,misc
99,misc
100,misc
101,misc
102,misc
103,misc
104,misc
105,misc
106,misc
107,misc
108,misc
109,misc
110,misc
111,misc
112,misc
113,misc
114,misc
115,lab or misc
116,misc
117,misc
118,misc
119,misc
120,misc
121,lab or misc
122,misc
123,misc
124,misc
125,misc
126,misc
127,misc
128,misc
129,misc
130,misc
131,misc
132,misc
133,misc
134,misc
135,misc
136,misc
137,misc
138,misc
139,misc
140,misc
141,misc
142,misc
143,misc
144,misc
145,misc
146,misc
147,misc
148,misc
149,misc
150,lab or misc
151,Misc
152,Misc
153,Misc
154,Misc
155,Misc
156,Misc
157,Misc
158,Misc
159,Misc
160,Misc
161,Misc
162,Misc
163,Misc
164,Misc
165,Misc
166,Misc
167,MISC
168,MISC
169,MISC
170,MISC
171,MISC
172,MISC
173,MISC
174,MISC
175,MISC
176,MISC
177,MISC
178,MISC
179,MISC
180,MISC
181,MISC
182,MISC
183,MISC
184,MISC
185,MISC
186,MISC
187,MISC
188,MISC
189,MISC
190,MISC
191,MISC
192,MISC
193,MISC
194,MISC
195,MISC
196,MISC
197,MISC
198,MISC
199,MISC
200,misc
201,misc
202,misc
203,misc
204,misc
205,misc
206,misc
207,misc
208,misc
209,website hosting
210,misc
211,misc
212,misc
213,misc
214,misc
215,misc
216,misc
217,misc
218,misc
219,misc
220,misc
221,misc
222,misc
223,misc
224,misc
225,misc
226,misc
227,misc
228,misc
229,misc
230,misc
231,misc
232,misc
233,misc
234,events
235,misc
236,misc
237,misc
238,misc
239,misc
240,misc
241,misc
242,misc
243,misc
244,misc
245,misc
246,misc
247,misc
248,misc
249,misc
250,misc
251,misc
252,misc
253,misc
254,misc
255,misc
256,misc
257,misc
258,misc
259,misc
260,misc
261,misc
262,misc
263,misc
264,misc
265,misc
266,misc
267,misc
268,misc
269,misc
270,misc
271,misc
272,misc
273,misc
274,misc
275,misc
276,misc
277,misc
278,misc
279,misc
280,misc
281,misc
282,misc
283,misc
284,misc
285,misc
286,misc
287,misc
288,misc
289,misc
290,misc
291,misc
292,misc
293,misc
294,misc
295,misc
296,misc
297,misc
298,misc
299,misc
300,misc
301,printer
302,misc
303,misc
304,misc
305,misc
306,misc
307,misc
308,misc
309,misc
310,misc
311,misc
312,misc
313,misc
314,misc
315,misc
316,misc
317,misc
318,misc
319,misc
320,misc
321,misc
322,misc
323,events
324,misc
325,misc
326,misc
327,misc
328,misc
329,misc
330,misc
331,misc
332,misc
333,misc
334,misc
335,misc
336,misc
337,events
338,misc
339,misc
340,misc
341,misc
342,misc
343,misc
344,misc
345,misc
346,misc
347,misc
348,misc
349,misc
350,misc
351,misc
352,misc
353,misc
354,misc
355,misc
356,misc
357,misc
358,misc
359,misc
360,website hosting
361,website hosting
362,misc
363,misc
364,misc
365,misc
366,misc
367,misc
368,misc
369,misc
370,misc
371,technical
372,misc
373,misc
374,misc
375,misc
376,misc
377,misc
378,misc
379,misc
380,misc
381,misc
382,misc
383,misc
384,misc
385,misc
386,misc
387,misc
388,misc
389,misc
390,misc
391,misc
392,misc
393,misc
394,misc
395,misc
396,account
397,misc
398,misc
399,misc
400,misc
401,misc
402,misc
403,misc
404,misc
405,misc
406,misc
407,misc
408,misc
409,misc
410,misc
411,misc
412,misc
413,misc
414,misc
415,misc
416,misc
417,misc
418,misc
419,misc
420,misc
421,misc
422,misc
423,misc
424,misc
425,misc
426,misc
427,misc
428,misc
429,misc
430,misc
431,misc
432,misc
433,misc
434,misc
435,misc
436,misc
437,misc
438,misc
439,misc
440,misc
441,misc
442,misc
443,misc
444,misc
445,misc
446,misc
447,misc
448,misc
449,misc
450,misc
451,misc
452,misc
453,misc
454,misc
455,misc
456,misc
457,misc
458,misc
459,misc
460,misc
461,misc
462,misc
463,misc
464,misc
465,misc
466,misc
467,misc
468,misc
469,misc
470,misc
471,misc
472,misc
473,misc
474,misc
475,misc
476,misc
477,misc
478,misc
479,misc
480,misc
481,misc
482,misc
483,misc
484,misc
485,misc
486,misc
487,misc
488,misc
489,misc
490,website hosting
491,misc
492,misc
493,misc
494,misc
495,misc
496,misc
497,account
498,misc
499,misc
500,account
501,misc
502,misc
503,misc
504,misc
505,misc
506,misc
507,misc
508,misc
509,misc
510,misc
511,misc
512,misc
513,misc
514,misc
515,misc
516,misc
517,misc
518,misc
519,misc
520,misc
521,misc
522,misc
523,misc
524,misc
525,misc
526,misc
527,misc
528,misc
529,misc
530,misc
531,misc
532,misc
533,misc
534,misc
535,misc
536,misc
537,misc
538,misc
539,misc
540,misc
541,misc
542,misc
543,misc
544,misc
545,misc
546,misc
547,misc
548,misc
549,misc
550,misc
551,misc
552,misc
553,misc
554,misc
555,misc
556,misc
557,misc
558,misc
559,misc
560,misc
561,misc
562,misc
563,misc
564,misc
565,misc
566,misc
567,misc
568,misc
569,misc
570,misc
571,misc
572,misc
573,misc
574,misc
575,misc
576,misc
577,misc
578,misc
579,misc
580,misc
581,misc
582,misc
583,misc
584,misc
585,misc
586,misc
587,misc
588,misc
589,misc
590,misc
591,misc
592,misc
593,misc
594,misc
595,misc
596,misc
597,misc
598,misc
599,misc
600,misc
601,misc
602,misc
603,misc
604,misc
605,misc
606,misc
607,misc
608,misc
609,misc
610,misc
611,misc
612,misc
613,misc
614,misc
615,misc
616,misc
617,misc
618,misc
619,misc
620,misc
621,misc
622,misc
623,misc
624,misc
625,misc
626,misc
627,misc
628,misc
629,misc
630,misc
631,misc
632,misc
633,misc
634,misc
635,misc
636,misc
637,misc
638,misc
639,misc
640,misc
641,misc
642,misc
643,misc
644,misc
645,misc
646,misc
647,misc
648,misc
649,misc
650,misc
651,misc
652,misc
653,misc
654,misc
655,misc
656,misc
657,misc
658,misc
659,misc
660,misc
661,misc
662,misc
663,misc
664,misc
665,misc
666,misc
667,misc
668,misc
669,misc
670,misc
671,misc
672,misc
673,misc
674,misc
675,misc
676,misc
677,misc
678,misc
679,misc
680,misc
681,misc
682,misc
683,misc
684,misc
685,misc
686,misc
687,misc
688,misc
689,misc
690,misc
691,misc
692,misc
693,misc
694,misc
695,misc
696,misc
697,misc
698,misc
699,misc
700,events
701,misc
702,misc
703,misc
704,misc
705,misc
706,misc
707,misc
708,misc
709,misc
710,misc
711,misc
712,misc
713,misc
714,misc
715,misc
716,misc
717,misc
718,misc
719,misc
720,misc
721,misc
722,misc
723,misc
724,misc
725,misc
726,misc
727,misc
728,misc
729,misc
730,misc
731,misc
732,misc
733,misc
734,misc
735,misc
736,misc
737,misc
738,misc
739,misc
740,misc
741,misc
742,misc
743,misc
744,misc
745,misc
746,misc
747,misc
748,misc
749,misc
750,misc
751,misc
752,misc
753,misc
754,misc
755,misc
756,misc
757,misc
758,misc
759,misc
760,misc
761,misc
762,misc
763,misc
764,misc
765,misc
766,misc
767,misc
768,misc
769,misc
770,misc
771,misc
772,misc
773,misc
774,misc
775,misc
776,misc
777,misc
778,misc
779,misc
780,misc
781,misc
782,misc
783,misc
784,misc
785,misc
786,misc
787,misc
788,misc
789,misc
790,misc
791,misc
792,misc
793,misc
794,misc
795,misc
796,misc
797,misc
798,misc
799,misc
800,misc
801,misc
802,misc
803,misc
804,misc
805,misc
806,misc
807,misc
808,misc
809,misc
810,misc
811,misc
812,misc
813,misc
814,misc
815,misc
816,misc
817,misc
818,misc
819,misc
820,misc
821,misc
822,misc
823,misc
824,misc
825,misc
826,misc
827,misc
828,misc
829,misc
830,misc
831,misc
832,misc
833,misc
834,misc
835,misc
836,misc
837,misc
838,misc
839,misc
840,misc
841,misc
842,misc
843,misc
844,misc
845,misc
846,misc
847,misc
848,misc
849,misc
850,misc
851,misc
852,misc
853,misc
854,misc
855,misc
856,misc
857,misc
858,misc
859,misc
860,misc
861,misc
862,misc
863,misc
864,misc
865,misc
866,misc
867,misc
868,misc
869,misc
870,misc
871,misc
872,misc
873,misc
874,misc
875,misc
876,misc
877,misc
878,misc
879,misc
880,misc
881,misc
882,misc
883,misc
884,misc
885,misc
886,misc
887,misc
888,misc
889,misc
890,misc
891,misc
892,misc
893,misc
894,misc
895,misc
896,misc
897,misc
898,misc
899,misc
900,misc
901,misc
902,misc
903,misc
904,misc
905,misc
906,misc
907,misc
908,misc
909,misc
910,misc
911,misc
912,misc
913,misc
914,misc
915,misc
916,misc
917,misc
918,misc
919,misc
920,misc
921,misc
922,misc
923,misc
924,misc
925,misc
926,misc
927,misc
928,misc
929,misc
930,misc
931,misc
932,misc
933,misc
934,misc
935,misc
936,misc
937,misc
938,misc
939,misc
940,misc
941,misc
942,misc
943,misc
944,misc
945,misc
946,misc
947,misc
948,misc
949,misc
950,misc
951,misc
952,misc
953,misc
954,misc
955,misc
956,misc
957,misc
958,misc
959,misc
960,misc
961,misc
962,misc
963,misc
964,misc
965,misc
966,misc
967,misc
968,misc
969,misc
970,misc
971,misc
972,misc
973,misc
974,misc
975,misc
976,misc
977,misc
978,misc
979,misc
980,misc
981,misc
982,misc
983,misc
984,misc
985,misc
986,misc
987,misc
988,misc
989,misc
990,misc
991,misc
992,misc
993,misc
994,misc
995,misc
996,misc
997,misc
998,misc
999,misc
1000,misc
1001,misc
1002,misc
1003,misc
1004,misc
1005,misc
1006,misc
1007,misc
1008,misc
1009,misc
1010,misc
1011,misc
1012,misc
1013,misc
1014,misc
1015,misc
1016,misc
1017,misc
1018,misc
1019,misc
1020,misc
1021,misc
1022,misc
1023,misc
1024,misc
1025,misc
1026,misc
1027,misc
1028,misc
1029,misc
1030,misc
1031,misc
1032,misc
1033,misc
1034,misc
1035,misc
1036,misc
1037,misc
1038,misc
1039,misc
1040,misc
1041,misc
1042,misc
1043,misc
1044,misc
1045,misc
1046,misc
1047,misc
1048,misc
1049,misc
1050,misc
1051,misc
1052,misc
1053,misc
1054,misc
1055,misc
1056,misc
1057,misc
1058,misc
1059,misc
1060,misc
1061,misc
1062,misc
1063,misc
1064,misc
1065,misc
1066,misc
1067,misc
1068,misc
1069,misc
1070,misc
1071,misc
1072,misc
1073,misc
1074,misc
1075,misc
1076,misc
1077,misc
1078,misc
1079,misc
1080,misc
1081,misc
1082,misc
1083,misc
1084,misc
1085,misc
1086,misc
1087,misc
1088,misc
1089,misc
1090,misc
1091,misc
1092,misc
1093,misc
1094,misc
1095,misc
1096,misc
1097,misc
1098,misc
1099,misc
1100,misc
1101,misc
1102,misc
1103,misc
1104,misc
1105,misc
1106,misc
1107,misc
1108,misc
1109,misc
1110,misc
1111,misc
1112,misc
1113,misc
1114,misc
1115,misc
1116,misc
1117,misc
1118,misc
1119,misc
1120,misc
1121,misc
1122,misc
1123,misc
1124,misc
1125,misc
1126,misc
1127,misc
1128,misc
1129,misc
1130,misc
1131,misc
1132,misc
1133,misc
1134,misc
1135,misc
1136,misc
1137,misc
1138,misc
1139,misc
1140,misc
1141,misc
1142,misc
1143,misc
1144,misc
1145,misc
1146,misc
1147,misc
1148,misc
1149,misc
1150,misc
1151,misc
1152,misc
1153,misc
1154,misc
1155,misc
1156,misc
1157,misc
1158,misc
1159,misc
1160,misc
1161,misc
1162,misc
1163,misc
1164,misc
1165,misc
1166,misc
1167,misc
1168,misc
1169,misc
1170,misc
1171,misc
1172,account
1173,misc
1174,misc
1175,misc
1176,misc
1177,misc
1178,misc
1179,misc
1180,misc
1181,misc
1182,misc
1183,misc
1184,misc
1185,misc
1186,misc
1187,misc
1188,misc
1189,misc
1190,misc
1191,misc
1192,misc
1193,misc
1194,misc
1195,misc
1196,misc
1197,misc
1198,misc
1199,misc
1200,misc
1201,misc
1202,misc
1203,misc
1204,misc
1205,misc
1206,misc
1207,misc
1208,misc
1209,misc
1210,misc
1211,misc
1212,misc
1213,misc
1214,misc
1215,misc
1216,misc
1217,misc
1218,misc
1219,misc
1220,misc
1221,misc
1222,misc
1223,misc
1224,misc
1225,misc
1226,misc
1227,misc
1228,misc
1229,misc
1230,misc
1231,misc
1232,misc
1233,misc
1234,misc
1235,misc
1236,misc
1237,misc
1238,misc
1239,misc
1240,misc
1241,misc
1242,misc
1243,misc
1244,misc
1245,misc
1246,misc
1247,misc
1248,misc
1249,misc
1250,misc
1251,misc
1252,misc
1253,misc
1254,misc
1255,misc
1256,misc
1257,misc
1258,misc
1259,misc
1260,misc
1261,misc
1262,misc
1263,misc
1264,misc
1265,misc
1266,misc
1267,misc
1268,misc
1269,misc
1270,misc
1271,misc
1272,misc
1273,misc
1274,misc
1275,misc
1276,misc
1277,misc
1278,misc
1279,misc
1280,misc
1281,misc
1282,misc
1283,misc
1284,misc
1285,misc
1286,misc
1287,misc
1288,misc
1289,misc
1290,misc
1291,misc
1292,misc
1293,misc
1294,misc
1295,misc
1296,misc
1297,misc
1298,misc
1299,misc
1300,misc
1301,technical
1302,misc
1303,misc
1304,lab
1305,misc
1306,misc
1307,misc
1308,misc
1309,misc
1310,misc
1311,misc
1312,misc
1313,misc
1314,misc
1315,misc
1316,misc
1317,misc
1318,misc
1319,misc
1320,misc
1321,misc
1322,misc
1323,misc
1324,misc
1325,misc
1326,misc
1327,misc
1328,misc
1329,misc
1330,misc
1331,misc
1332,misc
1333,misc
1334,misc
1335,misc
1336,misc
1337,misc
1338,misc
1339,misc
1340,misc
1341,misc
1342,misc
1343,misc
1344,misc
1345,misc
1346,misc
1347,misc
1348,misc
1349,misc
1350,misc
1351,misc
1352,misc
1353,misc
1354,misc
1355,misc
1356,misc
1357,misc
1358,misc
1359,misc
1360,misc
1361,misc
1362,misc
1363,misc
1364,misc
1365,misc
1366,misc
1367,misc
1368,misc
1369,misc
1370,misc
1371,misc
1372,misc
1373,misc
1374,misc
1375,misc
1376,misc
1377,misc
1378,misc
1379,misc
1380,misc
1381,misc
1382,misc
1383,misc
1384,misc
1385,misc
1386,misc
1387,misc
1388,misc
1389,misc
1390,misc
1391,misc
1392,misc
1393,misc
1394,misc
1395,misc
1396,misc
1397,misc
1398,misc
1399,misc
1400,misc
1401,misc
1402,misc
1403,misc
1404,misc
1405,misc
1406,misc
1407,misc
1408,misc
1409,misc
1410,misc
1411,misc
1412,misc
1413,misc
1414,misc
1415,misc
1416,misc
1417,misc
1418,misc
1419,misc
1420,misc
1421,misc
1422,misc
1423,misc
1424,misc
1425,misc
1426,misc
1427,misc
1428,misc
1429,misc
1430,misc
1431,misc
1432,misc
1433,misc
1434,misc
1435,misc
1436,misc
1437,misc
1438,misc
1439,misc
1440,misc
1441,website hosting
1442,misc
1443,misc
1444,misc
1445,misc
1446,misc
1447,misc
1448,website hosting
1449,misc
1450,misc
1451,misc
1452,misc
1453,misc
1454,misc
1455,misc
1456,misc
1457,misc
1458,misc
1459,misc
1460,technical
1461,technical
1462,website hosting
1463,website hosting
1464,website hosting
1465,website hosting
1466,website hosting
1467,misc
1468,misc
1469,misc
1470,misc
1471,misc
1472,misc
1473,misc
1474,misc
1475,misc
1476,misc
1477,misc
1478,misc
1479,website hosting
1480,misc
1481,technical
1482,technical
1483,technical
1484,technical
1485,misc
1486,misc
1487,events
1488,events
1489,technical
1490,technical
1491,technical
1492,events
1493,events
1494,events
1495,misc
1496,misc
1497,misc
1498,misc
1499,lab
1500,website hosting
1501,lab
1502,lab
1503,technical
1504,events
1505,events
1506,events
1507,technical
1508,technical
1509,misc
1510,misc
1511,misc
1512,misc
1513,misc
1514,misc
1515,misc
1516,misc
1517,misc
1518,misc
1519,misc
1520,misc
1521,technical
1522,misc
1523,misc
1524,website hosting
1525,misc
1526,misc
1527,misc
1528,misc
1529,misc
1530,misc
1531,misc
1532,misc
1533,misc
1534,misc
1535,misc
1536,misc
1537,misc
1538,misc
1539,misc
1540,misc
1541,misc
1542,misc
1543,misc
1544,misc
1545,misc
1546,misc
1547,account
1548,misc
1549,misc
1550,misc
1551,misc
1552,misc
1553,misc
1554,misc
1555,misc
1556,misc
1557,events
1558,events
1559,misc
1560,misc
1561,technical
1562,misc
1563,misc
1564,events
1565,events
1566,misc
1567,misc
1568,misc
1569,misc
1570,misc
1571,misc
1572,website hosting
1573,printer
1574,website hosting
1575,lab
1576,website hosting
1577,website hosting
1578,website hosting
1579,account
1580,misc
1581,website hosting
1582,account
1583,account
1584,technical
1585,website hosting
1586,website hosting
1587,website hosting
1588,account
1589,website hosting
1590,website hosting
1591,account
1592,account
1593,account
1594,website hosting
1595,account
1596,technical
1597,website hosting
1598,technical
1599,account
1600,website hosting
1601,lab
1602,website hosting
1603,website hosting
1604,website hosting
1605,account
1606,technical
1607,website hosting
1608,account
1609,technical
1610,website hosting
1611,website hosting
1612,website hosting
1613,technical
1614,account
1615,website hosting
1616,website hosting
1617,website hosting
1618,events
1619,lab
1620,account
1621,technical
1622,website hosting
1623,website hosting
1624,events
1625,website hosting
1626,website hosting
1627,account
1628,account
1629,misc
1630,account
1631,lab
1632,printer
1633,website hosting
1634,website hosting
1635,lab
1636,website hosting
1637,printer
1638,website hosting
1639,lab
1640,technical
1641,website hosting
1642,account
1643,website hosting
1644,website hosting
1645,website hosting
1646,website hosting
1647,website hosting
1648,lab
1649,account
1650,website hosting
1651,website hosting
1652,website hosting
1653,website hosting
1654,website hosting
1655,account
1656,website hosting
1657,lab
1658,account
1659,lab
1660,account
1661,account
1662,website hosting
1663,account
1664,account
1665,account
1666,lab
1667,website hosting
1668,website hosting
1669,technical
1670,misc
1671,technical
1672,website hosting
1673,website hosting
1674,account
1675,account
1676,account
1677,lab
1678,technical
1679,website hosting
1680,website hosting
1681,website hosting
1682,lab
1683,website hosting
1684,account
1685,account
1686,account
1687,misc
1688,misc
1689,technical
1690,misc
1691,Printer
1692,Printer
1693,Printer
1694,Printer
1695,Misc
1696,Misc
1697,Misc
1698,Account
1699,website hosting
1700,Misc
1701,Misc
1702,Events
1703,Events
1704,Events
1705,Misc
1706,lab
1707,Events
1708,technical
1709,technical
1710,Events
1711,Events
1712,Events
1713,Events
1714,Events
1715,Events
1716,Events
1717,Misc
1718,Misc
1719,Misc
1720,Misc
1721,printer
1722,Misc
1723,Events
1724,website hosting
1725,misc
1726,technical
1727,DO NOT USE
1728,DO NOT USE
1729,misc
1730,misc
1731,Events
1732,Events
1733,misc
1734,misc
1735,misc
1736,misc
1737,technical
1738,technical
1739,misc
1740,misc
1741,printer
1742,misc
1743,misc
1744,misc
1745,misc
1746,misc
1747,misc
1748,misc
1749,misc
1750,misc
1751,misc
1752,misc
1753,misc
1754,misc
1755,misc
1756,misc
1757,misc
1758,misc
1759,misc
1760,misc
1761,Events
1762,misc
1763,misc
1764,DO NOT USE
1765,misc
1766,misc
1767,misc
1768,misc
1769,DO NOT USE
1770,Account
1771,DO NOT USE
1772,DO NOT USE
1773,misc
1774,technical
1775,website hosting
1776,website hosting
1777,Account
1778,website hosting
1779,
1780,
1781,
1782,
1783,
1784,
1785,
1786,
1787,
1788,
1789,
1790,
1791,
1792,
1793,
1794,
1795,
1796,
1797,
1798,
1799,
1800,
1801,
1802,
1803,
1804,
1805,
1806,
1807,
1808,
1809,
1810,
1811,
1812,
1813,
1814,
1815,
1816,
1817,
1818,
1819,
1820,
1821,
1822,
1823,
1824,
1825,
1826,
1827,
1828,
1829,
1830,
1831,
1832,
1833,
1834,
1835,
1836,
1837,
1838,
1839,
1840,
1841,
1842,
1843,
1844,
1845,
1846,
1847,
1848,
1849,
1850,
1851,
1852,
1853,
1854,
1855,
1856,
1857,
1858,
1859,
1860,
1861,
1862,
1863,
1864,
1865,
1866,
1867,
1868,
1869,
1870,
1871,
1872,
1873,
1874,
1875,
1876,
1877,
1878,
1879,
1880,
1881,
1882,
1883,
1884,
1885,
1886,
1887,
1888,
1889,
1890,
1891,
1892,
1893,
1894,
1895,
1896,
1897,
1898,
1899,
1900,
1901,
1902,
1903,
1904,
1905,
1906,
1907,
1908,
1909,
1910,
1911,
1912,
1913,
1914,
1915,
1916,
1917,
1918,
1919,
1920,
1921,
1922,
1923,
1924,
1925,
1926,
1927,
1928,
1929,
1930,
1931,
1932,
1933,
1934,
1935,
1936,
1937,
1938,
1939,
1940,
1941,
1942,
1943,
1944,
1945,
1946,
1947,
1948,
1949,
1950,
1951,
1952,
1953,
1954,
1955,
1956,
1957,
1958,
1959,
1960,
1961,
1962,
1963,
1964,
1965,
1966,
1967,
1968,
1969,
1970,
1971,
1972,
1973,
1974,
1975,
1976,
1977,
1978,
1979,
1980,
1981,
1982,
1983,
1984,
1985,
1986,
1987,
1988,
1989,
1990,
1991,
1992,
1993,
1994,
1995,
1996,
1997,
1998,
1999,
2000,account
2001,website hosting
2002,website hosting
2003,website hosting
2004,lab
2005,misc
2006,technical
2007,account
2008,nan
2009,technical
2010,lab
2011,website hosting
2012,website hosting
2013,technical
2014,account
2015,account
2016,website hosting
2017,technical
2018,technical
2019,lab
2020,website hosting
2021,technical
2022,technical
2023,account
2024,account
2025,account
2026,technical
2027,website hosting
2028,lab
2029,website hosting
2030,website hosting
2031,account
2032,account
2033,website hosting
2034,account
2035,account
2036,website hosting
2037,account
2038,website hosting
2039,account
2040,nan
2041,nan
2042,nan
2043,account
2044,account
2045,misc
2046,technical
2047,technical
2048,lab
2049,account
2050,account
2051,account
2052,account
2053,account
2054,account
2055,account
2056,account
2057,website hosting
2058,lab
2059,account
2060,printer
2061,website hosting
2062,website hosting
2063,website hosting
2064,account
2065,lab
2066,lab
2067,printing
2068,printing
2069,printing
2070,printing
2071,account
2072,account
2073,website hosting
2074,website hosting
2075,website hosting
2076,misc
2077,misc
2078,misc
2079,technical
2080,technical
2081,account
2082,technical
2083,account
2084,printer
2085,printer
2086,website hosting
2087,lab
2088,printer
2089,printer
2090,lab
2091,website hosting
2092,account
2093,lab
2094,printer
2095,website hosting
2096,technical
2097,nan
2098,nan
2099,nan
2100,nan
2101,website hosting
2102,nan
2103,nan
2104,nan
2105,nan
2106,website hosting
2107,technical
2108,paper
2109,account
2110,account
2111,printer
2112,account
2113,account
2114,printer
2115,website hosting
2116,website hosting
2117,account
2118,printer
2119,website hosting
2120,technical
2121,website hosting
2122,printer
2123,printer
2124,printer
2125,account
2126,printer
2127,website hosting
2128,printer
2129,lab
2130,account
2131,nan
2132,nan
2133,website hosting
2134,nan
2135,printer
2136,lab
2137,printer
2138,technical
2139,website hosting
2140,printer
2141,account
2142,printer
2143,printer
2144,lab
2145,printer
2146,printer
2147,technical
2148,website hosting
2149,website hosting
2150,website hosting
2151,account
2152,printer
2153,account
2154,website hosting
2155,account
2156,website hosting
2157,printer
2158,printer
2159,printer
2160,website hosting
2161,technical
2162,printer
2163,website hosting
2164,misc
2165,printer
2166,account
2167,technical
2168,technical
2169,account
2170,website hosting
2171,website hosting
2172,website hosting
2173,website hosting
2174,account
2175,website hosting
2176,nan
2177,nan
2178,website hosting
2179,printer
2180,lab
2181,account
2182,printer
2183,account
2184,website hosting
2185,technical
2186,technical
2187,website hosting
2188,website hosting
2189,website hosting
2190,website hosting
2191,account
2192,website hosting
2193,account
2194,account
2195,technical
2196,account
2197,technical
2198,account
2199,account
2200,account
2201,account
2202,technical
2203,website hosting
2204,website hosting
2205,account
2206,account
2207,account
2208,account
2209,account
2210,website hosting
2211,account
2212,account
2213,nan
2214,account
2215,account
2216,website hosting
2217,website hosting
2218,technical
2219,technical
2220,website hosting
2221,technical
2222,lab
2223,website hosting
2224,group
2225,website hosting
2226,website hosting
2227,website hosting
2228,terminal
2229,technical
2230,technical
2231,technical
2232,technical
2233,technical
2234,technical
2235,lab
2236,website hosting
2237,website hosting
2238,technical
2239,technical
2240,technical
2241,events
2242,events
2243,events
2244,events
2245,events
2246,events
2247,events
2248,events
2249,website hosting
2250,events
2251,events
2252,technical
2253,website hosting
2254,account
2255,account
2256,technical
2257,account
2258,website hosting
2259,website hosting
2260,website hosting
2261,website hosting
2262,events
2263,events
2264,events
2265,events
2266,events
2267,events
2268,website hosting
2269,lab
2270,website hosting
2271,events
2272,lab
2273,account
2274,printer
2275,account
2276,account
2277,technical
2278,account
2279,account
2280,website hosting
2281,website hosting
2282,technical
2283,technical
2284,account
2285,website hosting
2286,lab
2287,website hosting
2288,website hosting
2289,lab
2290,technical
2291,account
2292,lab
2293,lab
2294,printer
2295,lab
2296,misc
2297,technical
2298,account
2299,technical
2300,website hosting
2301,technical
2302,website hosting
2303,website hosting
2304,printer
2305,lab
2306,website hosting
2307,website hosting
2308,lab
2309,website hosting
2310,account
2311,lab
2312,printer
2313,account
2314,lab
2315,lab
2316,account
2317,account
2318,account
2319,printer
2320,account
2321,website hosting
2322,lab
2323,printer
2324,website hosting
2325,lab
2326,lab
2327,printer
2328,account
2329,lab
2330,technical
2331,website hosting
2332,account
2333,printer
2334,account
2335,account
2336,account
2337,printer
2338,printer
2339,lab
2340,printer
2341,account
2342,technical
2343,printer
2344,technical
2345,account
2346,account
2347,technical
2348,website hosting
2349,misc
2350,printer
2351,printer
2352,misc
2353,account
2354,printer
2355,account
2356,technical
2357,website hosting
2358,account
2359,website hosting
2360,account
2361,account
2362,website hosting
2363,nan
2364,account
2365,account
2366,account
2367,account
2368,lab
2369,website hosting
2370,website hosting
2371,website hosting
2372,website hosting
2373,website hosting
2374,technical
2375,account
2376,technical
2377,account
2378,technical
2379,technical
2380,website hosting
2381,website hosting
2382,technical
2383,printer
2384,printer
2385,account
2386,website hosting
2387,website hosting
2388,technical
2389,technical
2390,website hosting
2391,website hosting
2392,technical
2393,lab
2394,website hosting
2395,account
2396,technical
2397,website hosting
2398,printer
2399,account
2400,technical
2401,account
2402,account
2403,account
2404,account
2405,account
2406,website hosting
2407,lab
2408,printer
2409,website hosting
2410,printer
2411,account
2412,technical
2413,technical
2414,technical
2415,website hosting
2416,account
2417,printer
2418,printer
2419,account
2420,account
2421,account
2422,technical
2423,technical
2424,account
2425,website hosting
2426,technical
2427,website hosting
2428,website hosting
2429,technical
2430,account
2431,website hosting
2432,website hosting
2433,website hosting
2434,website hosting
2435,website hosting
2436,technical
2437,printer
2438,printer
2439,website hosting
2440,website hosting
2441,nan
2442,nan
2443,technical
2444,lab
2445,account
2446,events
2447,nan
2448,nan
2449,nan
2450,nan
2451,nan
2452,nan
2453,group
2454,technical
2455,website hosting
2456,website hosting
2457,website hosting
2458,technical
2459,website hosting
2460,website hosting
2461,misc
2462,website hosting
2463,website hosting
2464,technical
2465,website hosting
2466,account
2467,technical
2468,website hosting
2469,misc
2470,misc
2471,technical
2472,website hosting
2473,website hosting
2474,printing
2475,printing
2476,printing
2477,website hosting
2478,website hosting
2479,technical
2480,printer
2481,website hosting
2482,technical
2483,website hosting
2484,printer
2485,account
2486,printer
2487,technical
2488,technical
2489,printer
2490,website hosting
2491,printer
2492,lab
2493,website hosting
2494,website hosting
2495,account
2496,printer
2497,misc
2498,website hosting
2499,printer
2500,
2501,
2502,
2503,
2504,
2505,
2506,
2507,
2508,
2509,
2510,
2511,
2512,
2513,
2514,
2515,
2516,
2517,
2518,
2519,
2520,
2521,
2522,
2523,
2524,
2525,
2526,
2527,
2528,
2529,
2530,
2531,
2532,
2533,
2534,
2535,
2536,
2537,
2538,
2539,
2540,
2541,
2542,
2543,
2544,
2545,
2546,
2547,
2548,
2549,
2550,
2551,
2552,
2553,
2554,
2555,
2556,
2557,
2558,
2559,
2560,
2561,
2562,
2563,
2564,
2565,
2566,
2567,
2568,
2569,
2570,
2571,
2572,
2573,
2574,
2575,
2576,
2577,
2578,
2579,
2580,
2581,
2582,
2583,
2584,
2585,
2586,
2587,
2588,
2589,
2590,
2591,
2592,
2593,
2594,
2595,
2596,
2597,
2598,
2599,
2600,
2601,
2602,
2603,
2604,
2605,
2606,
2607,
2608,
2609,
2610,
2611,
2612,
2613,
2614,
2615,
2616,
2617,
2618,
2619,
2620,
2621,
2622,
2623,
2624,
2625,
2626,
2627,
2628,
2629,
2630,
2631,
2632,
2633,
2634,
2635,
2636,
2637,
2638,
2639,
2640,
2641,
2642,
2643,
2644,
2645,
2646,
2647,
2648,
2649,
2650,
2651,
2652,
2653,
2654,
2655,
2656,
2657,
2658,
2659,
2660,
2661,
2662,
2663,
2664,
2665,
2666,
2667,
2668,
2669,
2670,
2671,
2672,
2673,
2674,
2675,
2676,
2677,
2678,
2679,
2680,
2681,
2682,
2683,
2684,
2685,
2686,
2687,
2688,
2689,
2690,
2691,
2692,
2693,
2694,
2695,
2696,
2697,
2698,
2699,
2700,
2701,
2702,
2703,
2704,
2705,
2706,
2707,
2708,
2709,
2710,
2711,
2712,
2713,
2714,
2715,
2716,
2717,
2718,
2719,
2720,
2721,
2722,
2723,
2724,
2725,
2726,
2727,
2728,
2729,
2730,
2731,
2732,
2733,
2734,
2735,
2736,
2737,
2738,
2739,
2740,
2741,
2742,
2743,
2744,
2745,
2746,
2747,
2748,
2749,
2750,
2751,
2752,
2753,
2754,
2755,
2756,
2757,
2758,
2759,
2760,
2761,
2762,
2763,
2764,
2765,
2766,
2767,
2768,
2769,
2770,
2771,
2772,
2773,
2774,
2775,
2776,
2777,
2778,
2779,
2780,
2781,
2782,
2783,
2784,
2785,
2786,
2787,
2788,
2789,
2790,
2791,
2792,
2793,
2794,
2795,
2796,
2797,
2798,
2799,
2800,
2801,
2802,
2803,
2804,
2805,
2806,
2807,
2808,
2809,
2810,
2811,
2812,
2813,
2814,
2815,
2816,
2817,
2818,
2819,
2820,
2821,
2822,
2823,
2824,
2825,
2826,
2827,
2828,
2829,
2830,
2831,
2832,
2833,
2834,
2835,
2836,
2837,
2838,
2839,
2840,
2841,
2842,
2843,
2844,
2845,
2846,
2847,
2848,
2849,
2850,
2851,
2852,
2853,
2854,
2855,
2856,
2857,
2858,
2859,
2860,
2861,
2862,
2863,
2864,
2865,
2866,
2867,
2868,
2869,
2870,
2871,
2872,
2873,
2874,
2875,
2876,
2877,
2878,
2879,
2880,
2881,
2882,
2883,
2884,
2885,
2886,
2887,
2888,
2889,
2890,
2891,
2892,
2893,
2894,
2895,
2896,
2897,
2898,
2899,
2900,
2901,
2902,
2903,
2904,
2905,
2906,
2907,
2908,
2909,
2910,
2911,
2912,
2913,
2914,
2915,
2916,
2917,
2918,
2919,
2920,
2921,
2922,
2923,
2924,
2925,
2926,
2927,
2928,
2929,
2930,
2931,
2932,
2933,
2934,
2935,
2936,
2937,
2938,
2939,
2940,
2941,
2942,
2943,
2944,
2945,
2946,
2947,
2948,
2949,
2950,
2951,
2952,
2953,
2954,
2955,
2956,
2957,
2958,
2959,
2960,
2961,
2962,
2963,
2964,
2965,
2966,
2967,
2968,
2969,
2970,
2971,
2972,
2973,
2974,
2975,
2976,
2977,
2978,
2979,
2980,
2981,
2982,
2983,
2984,
2985,
2986,
2987,
2988,
2989,
2990,
2991,
2992,
2993,
2994,
2995,
2996,
2997,
2998,
2999,
3000,
3001,
3002,
3003,
3004,
3005,
3006,
3007,
3008,
3009,
3010,
3011,
3012,
3013,
3014,
3015,
3016,
3017,
3018,
3019,
3020,
3021,
3022,
3023,
3024,
3025,
3026,
3027,
3028,
3029,
3030,
3031,
3032,
3033,
3034,
3035,
3036,
3037,
3038,
3039,
3040,
3041,
3042,
3043,
3044,
3045,
3046,
3047,
3048,
3049,
3050,
3051,
3052,
3053,
3054,
3055,
3056,
3057,
3058,
3059,
3060,
3061,
3062,
3063,
3064,
3065,
3066,
3067,
3068,
3069,
3070,
3071,
3072,
3073,
3074,
3075,
3076,
3077,
3078,
3079,
3080,
3081,
3082,
3083,
3084,
3085,
3086,
3087,
3088,
3089,
3090,
3091,
3092,
3093,
3094,
3095,
3096,
3097,
3098,
3099,
3100,
3101,
3102,
3103,
3104,
3105,
3106,
3107,
3108,
3109,
3110,
3111,
3112,
3113,
3114,
3115,
3116,
3117,
3118,
3119,
3120,
3121,
3122,
3123,
3124,
3125,
3126,
3127,
3128,
3129,
3130,
3131,
3132,
3133,
3134,
3135,
3136,
3137,
3138,
3139,
3140,
3141,
3142,
3143,
3144,
3145,
3146,
3147,
3148,
3149,
3150,
3151,
3152,
3153,
3154,
3155,
3156,
3157,
3158,
3159,
3160,
3161,
3162,
3163,
3164,
3165,
3166,
3167,
3168,
3169,
3170,
3171,
3172,
3173,
3174,
3175,
3176,
3177,
3178,
3179,
3180,
3181,
3182,
3183,
3184,
3185,
3186,
3187,
3188,
3189,
3190,
3191,
3192,
3193,
3194,
3195,
3196,
3197,
3198,
3199,
3200,
3201,
3202,
3203,
3204,
3205,
3206,
3207,
3208,
3209,
3210,
3211,
3212,
3213,
3214,
3215,
3216,
3217,
3218,
3219,
3220,
3221,
3222,
3223,
3224,
3225,
3226,
3227,
3228,
3229,
3230,
3231,
3232,
3233,
3234,
3235,
3236,
3237,
3238,
3239,
3240,
3241,
3242,
3243,
3244,
3245,
3246,
3247,
3248,
3249,
3250,
3251,
3252,
3253,
3254,
3255,
3256,
3257,
3258,
3259,
3260,
3261,
3262,
3263,
3264,
3265,
3266,
3267,
3268,
3269,
3270,
3271,
3272,
3273,
3274,
3275,
3276,
3277,
3278,
3279,
3280,
3281,
3282,
3283,
3284,
3285,
3286,
3287,
3288,
3289,
3290,
3291,
3292,
3293,
3294,
3295,
3296,
3297,
3298,
3299,
3300,
3301,
3302,
3303,
3304,
3305,
3306,
3307,
3308,
3309,
3310,
3311,
3312,
3313,
3314,
3315,
3316,
3317,
3318,
3319,
3320,
3321,
3322,
3323,
3324,
3325,
3326,
3327,
3328,
3329,
3330,
3331,
3332,
3333,
3334,
3335,
3336,
3337,
3338,
3339,
3340,
3341,
3342,
3343,
3344,
3345,
3346,
3347,
3348,
3349,
3350,
3351,
3352,
3353,
3354,
3355,
3356,
3357,
3358,
3359,
3360,
3361,
3362,
3363,
3364,
3365,
3366,
3367,
3368,
3369,
3370,
3371,
3372,
3373,
3374,
3375,
3376,
3377,
3378,
3379,
3380,
3381,
3382,
3383,
3384,
3385,
3386,
3387,
3388,
3389,
3390,
3391,
3392,
3393,
3394,
3395,
3396,
3397,
3398,
3399,
3400,
3401,
3402,
3403,
3404,
3405,
3406,
3407,
3408,
3409,
3410,
3411,
3412,
3413,
3414,
3415,
3416,
3417,
3418,
3419,
3420,
3421,
3422,
3423,
3424,
3425,
3426,
3427,
3428,
3429,
3430,
3431,
3432,
3433,
3434,
3435,
3436,
3437,
3438,
3439,
3440,
3441,
3442,
3443,
3444,
3445,
3446,
3447,
3448,
3449,
3450,
3451,
3452,
3453,
3454,
3455,
3456,
3457,
3458,
3459,
3460,
3461,
3462,
3463,
3464,
3465,
3466,
3467,
3468,
3469,
3470,
3471,
3472,
3473,
3474,
3475,
3476,
3477,
3478,
3479,
3480,
3481,
3482,
3483,
3484,
3485,
3486,
3487,
3488,
3489,
3490,
3491,
3492,
3493,
3494,
3495,
3496,
3497,
3498,
3499,
3500,
3501,
3502,
3503,
3504,
3505,
3506,
3507,
3508,
3509,
3510,
3511,
3512,
3513,
3514,
3515,
3516,
3517,
3518,
3519,
3520,
3521,
3522,
3523,
3524,
3525,
3526,
3527,
3528,
3529,
3530,
3531,
3532,
3533,
3534,
3535,
3536,
3537,
3538,
3539,
3540,
3541,
3542,
3543,
3544,
3545,
3546,
3547,
3548,
3549,
3550,
3551,
3552,
3553,
3554,
3555,
3556,
3557,
3558,
3559,
3560,
3561,
3562,
3563,
3564,
3565,
3566,
3567,
3568,
3569,
3570,
3571,
3572,
3573,
3574,
3575,
3576,
3577,
3578,
3579,
3580,
3581,
3582,
3583,
3584,
3585,
3586,
3587,
3588,
3589,
3590,
3591,
3592,
3593,
3594,
3595,
3596,
3597,
3598,
3599,
3600,
3601,
3602,
3603,
3604,
3605,
3606,
3607,
3608,
3609,
3610,
3611,
3612,
3613,
3614,
3615,
3616,
3617,
3618,
3619,
3620,
3621,
3622,
3623,
3624,
3625,
3626,
3627,
3628,
3629,
3630,
3631,
3632,
3633,
3634,
3635,
3636,
3637,
3638,
3639,
3640,
3641,
3642,
3643,
3644,
3645,
3646,
3647,
3648,
3649,
3650,
3651,
3652,
3653,
3654,
3655,
3656,
3657,
3658,
3659,
3660,
3661,
3662,
3663,
3664,
3665,
3666,
3667,
3668,
3669,
3670,
3671,
3672,
3673,
3674,
3675,
3676,
3677,
3678,
3679,
3680,
3681,
3682,
3683,
3684,
3685,
3686,
3687,
3688,
3689,
3690,
3691,
3692,
3693,
3694,
3695,
3696,
3697,
3698,
3699,
3700,
3701,
3702,
3703,
3704,
3705,
3706,
3707,
3708,
3709,
3710,
3711,
3712,
3713,
3714,
3715,
3716,
3717,
3718,
3719,
3720,
3721,
3722,
3723,
3724,
3725,
3726,
3727,
3728,
3729,
3730,
3731,
3732,
3733,
3734,
3735,
3736,
3737,
3738,
3739,
3740,
3741,
3742,
3743,
3744,
3745,
3746,
3747,
3748,
3749,
3750,
3751,
3752,
3753,
3754,
3755,
3756,
3757,
3758,
3759,
3760,
3761,
3762,
3763,
3764,
3765,
3766,
3767,
3768,
3769,
3770,
3771,
3772,
3773,
3774,
3775,
3776,
3777,
3778,
3779,
3780,
3781,
3782,
3783,
3784,
3785,
3786,
3787,
3788,
3789,
3790,
3791,
3792,
3793,
3794,
3795,
3796,
3797,
3798,
3799,
3800,
3801,
3802,
3803,
3804,
3805,
3806,
3807,
3808,
3809,
3810,
3811,
3812,
3813,
3814,
3815,
3816,
3817,
3818,
3819,
3820,
3821,
3822,
3823,
3824,
3825,
3826,
3827,
3828,
3829,
3830,
3831,
3832,
3833,
3834,
3835,
3836,
3837,
3838,
3839,
3840,
3841,
3842,
3843,
3844,
3845,
3846,
3847,
3848,
3849,
3850,
3851,
3852,
3853,
3854,
3855,
3856,
3857,
3858,
3859,
3860,
3861,
3862,
3863,
3864,
3865,
3866,
3867,
3868,
3869,
3870,
3871,
3872,
3873,
3874,
3875,
3876,
3877,
3878,
3879,
3880,
3881,
3882,
3883,
3884,
3885,
3886,
3887,
3888,
3889,
3890,
3891,
3892,
3893,
3894,
3895,
3896,
3897,
3898,
3899,
3900,
3901,
3902,
3903,
3904,
3905,
3906,
3907,
3908,
3909,
3910,
3911,
3912,
3913,
3914,
3915,
3916,
3917,
3918,
3919,
3920,
3921,
3922,
3923,
3924,
3925,
3926,
3927,
3928,
3929,
3930,
3931,
3932,
3933,
3934,
3935,
3936,
3937,
3938,
3939,
3940,
3941,
3942,
3943,
3944,
3945,
3946,
3947,
3948,
3949,
3950,
3951,
3952,
3953,
3954,
3955,
3956,
3957,
3958,
3959,
3960,
3961,
3962,
3963,
3964,
3965,
3966,
3967,
3968,
3969,
3970,
3971,
3972,
3973,
3974,
3975,
3976,
3977,
3978,
3979,
3980,
3981,
3982,
3983,
3984,
3985,
3986,
3987,
3988,
3989,
3990,
3991,
3992,
3993,
3994,
3995,
3996,
3997,
3998,
